발생시간(초),경도,위도,속도,누적주행거리,방향
0,127.01379320333629,37.62874282517285,13.0,3.5925925925925926,311.2282091840565
1,127.01376252176338,37.62876411873178,13.0,7.185185185185185,311.2282173357354
2,127.01373184019049,37.62878541229071,13.0,10.777777777777779,311.2282254657684
3,127.01370115861758,37.62880670584964,13.0,14.37037037037037,311.22823359390816
4,127.01367047704468,37.62882799940857,13.0,17.962962962962962,311.2282417498488
5,127.01363979547179,37.6288492929675,13.0,21.555555555555557,311.2282498629334
6,127.01360911389888,37.62887058652643,13.0,25.14814814814815,311.2282580358552
7,127.01357843232599,37.62889188008536,13.0,28.74074074074074,311.2282661404689
8,127.01354775075308,37.62891317364429,13.0,32.333333333333336,311.2282743049198
9,127.01351706918018,37.62893446720322,13.0,35.925925925925924,311.22828240954664
10,127.01348638760729,37.62895576076215,13.0,39.51851851851852,311.2282905504583
11,127.01345570603438,37.62897705432108,13.0,43.111111111111114,311.22829871917094
12,127.01342502446148,37.628998347880014,13.0,46.7037037037037,311.22830682805943
13,127.01339434288857,37.629019641438944,13.0,50.2962962962963,311.22831498405907
14,127.01336366131568,37.629040934997875,13.0,53.888888888888886,311.22832309296075
15,127.01333297974278,37.629062228556805,13.0,57.48148148148148,311.2283312423893
16,127.01330229816988,37.629083522115735,13.0,61.074074074074076,353.0347250645034
17,127.01329755678603,37.62911425877078,13.0,64.66666666666667,3.762930426377352
18,127.01330022511007,37.62914638973255,13.0,68.25925925925925,8.823211498752869
19,127.01330648253509,37.629178316361035,13.0,71.85185185185185,8.82320777250061
20,127.01331273996009,37.629210242989515,13.0,75.44444444444444,8.82320404105468
21,127.0133189973851,37.629242169617996,13.0,79.03703703703704,8.823200272562644
22,127.0133252548101,37.62927409624648,13.0,82.62962962962963,8.823196578154523
23,127.0133315122351,37.629306022874964,13.0,86.22222222222223,8.823192849295708
24,127.01333776966011,37.629337949503444,13.0,89.81481481481481,8.823189117838751
25,127.01334402708511,37.62936987613193,13.0,93.4074074074074,8.823185350200788
26,127.01335028451011,37.62940180276041,13.0,97.0,294.4995431544298
27,127.01330464857037,37.6294182735267,16.0,101.4,293.7141497255269
28,127.01325890352264,37.62943418760234,16.0,105.8,293.7141542673728
29,127.01321315847491,37.62945010167799,16.0,110.2,293.71415876045376
30,127.01316741342718,37.62946601575363,16.0,114.6,113.7140825488998
31,127.01334929847098,37.62940274043775,16.0,119.0,275.35772347650203
32,127.01309669141439,37.62942150236649,61.0,126.06060606060606,198.97683722932223
33,127.0130706193022,37.629361455890404,61.0,133.12121212121212,201.80279020371756
34,127.01304084532477,37.629302509205914,61.0,140.1818181818182,202.146401345231
35,127.01301062107194,37.62924369629428,61.0,147.24242424242425,202.14641715937077
36,127.01298039681912,37.62918488338264,61.0,154.3030303030303,202.1464330082514
37,127.01295017256629,37.62912607047101,61.0,161.36363636363637,202.14644882234188
38,127.01291994831347,37.62906725755938,61.0,168.42424242424244,202.14646467009132
39,127.01288972406063,37.629008444647745,61.0,175.4848484848485,202.14648050205625
40,127.0128594998078,37.62894963173611,61.0,182.54545454545456,202.1464963149909
41,127.01282927555498,37.62889081882448,61.0,189.60606060606062,202.14651216266645
42,127.01279905130215,37.62883200591285,61.0,196.66666666666669,202.14652799347556
43,127.01276882704933,37.628773193001216,61.0,203.72727272727272,202.14654382317812
44,127.01273860279649,37.62871438008958,61.0,210.78787878787878,201.08522680585148
45,127.01270977932214,37.628655175163,61.0,217.84848484848484,196.7773758148762
46,127.01268663645745,37.628594380489005,61.0,224.9090909090909,196.77738873323548
47,127.01266349359277,37.62853358581501,61.0,231.96969696969697,196.7774017228697
48,127.01264035072808,37.62847279114103,61.0,239.03030303030303,196.77741465611396
49,127.0126172078634,37.62841199646704,61.0,246.0909090909091,196.77742760757647
50,127.01259406499871,37.628351201793045,61.0,253.15151515151516,196.77744056233306
51,127.01257092213403,37.62829040711906,61.0,260.21212121212125,196.77745352868064
52,127.01254777926934,37.62822961244507,61.0,267.27272727272725,196.77746646681697
53,127.01252463640466,37.628168817771076,61.0,274.33333333333337,196.77747941985794
54,127.01250149353997,37.62810802309709,61.0,281.3939393939394,196.77749238448993
55,127.01247835067528,37.6280472284231,61.0,288.45454545454544,196.3682361730853
56,127.01245575687643,37.62798630481674,61.0,295.5151515151515,196.2594512784261
57,127.01243330903887,37.62792534693555,61.0,302.57575757575756,196.25946388927287
58,127.01241086120132,37.62786438905435,61.0,309.6363636363636,196.2594765223781
59,127.01238841336375,37.62780343117316,61.0,316.6969696969697,196.25948917131356
60,127.01236596552619,37.627742473291974,61.0,323.75757575757575,196.25950176464673
61,127.01234351768863,37.627681515410785,61.0,330.8181818181818,196.25951443341108
62,127.01232106985107,37.627620557529596,61.0,337.8787878787879,198.89375478937092
63,127.0122951091994,37.627560483171095,61.0,344.93939393939394,198.97637010891157
64,127.01226903835823,37.627500436526816,61.0,352.0,191.56972450261
65,127.01225529762763,37.6274472779389,15.0,357.062893081761,190.13928126357303
66,127.01224517705096,37.62740245732881,15.0,362.12578616352204,190.13928722245277
67,127.0122350564743,37.62735763671872,15.0,367.188679245283,190.13929323688802
68,127.01222493589763,37.627312816108635,15.0,372.251572327044,189.12493856106383
69,127.01221581917727,37.62726786272614,15.0,377.31446540880506,185.275866660778
70,127.01221054068381,37.627222590284624,15.0,382.37735849056605,182.5659295002476
71,127.01220796693933,37.6271771042448,15.0,387.44025157232704,182.56593104326814
72,127.01220539319486,37.62713161820498,15.0,392.50314465408803,182.56593261126199
73,127.01220281945038,37.627086132165154,15.0,397.5660377358491,184.14230718724437
74,127.01219866676612,37.62704071942428,15.0,402.62893081761007,184.14311882250686
75,127.01219451327131,37.626995306721035,15.0,407.69182389937106,178.34908894445607
76,127.01219616427474,37.62694993833695,15.0,412.7547169811321,174.75225931375087
77,127.01220142237975,37.6269045974942,15.0,417.8176100628931,174.75225610592315
78,127.01220668048474,37.62685925665145,15.0,422.8805031446541,174.7522529207887
79,127.01221193858974,37.626813915808704,15.0,427.9433962264151,174.75224976420463
80,127.01221719669473,37.62676857496596,15.0,433.0062893081761,174.75224655455645
81,127.01222245479974,37.62672323412321,15.0,438.0691823899371,174.7522433716283
82,127.01222771290475,37.626677893280466,15.0,443.1320754716981,174.75224021432223
83,127.01223297100974,37.62663255243771,15.0,448.19496855345915,174.7522370050499
84,127.01223822911474,37.626587211594966,15.0,453.25786163522014,174.7522338466522
85,127.01224348721973,37.62654187075222,15.0,458.3207547169811,174.7522306392168
86,127.01224874532474,37.626496529909474,15.0,463.3836477987421,174.75222745484086
87,127.01225400342975,37.62645118906673,15.0,468.44654088050316,174.7522242971852
88,127.01225926153474,37.62640584822398,15.0,473.50943396226415,174.75222109012566
89,127.01226451963974,37.62636050738123,15.0,478.5723270440252,174.7522179299143
90,127.01226977774473,37.62631516653848,15.0,483.6352201257862,174.75221472286137
91,127.01227503584974,37.626269825695736,15.0,488.6981132075472,174.75221153776988
92,127.01228029395475,37.62622448485299,15.0,493.76100628930817,174.75220838159498
93,127.01228555205974,37.626179144010244,15.0,498.82389937106916,174.7522051727217
94,127.01229081016474,37.62613380316749,15.0,503.8867924528302,174.75220198947034
95,127.01229606826973,37.626088462324745,15.0,508.9496855345912,174.75219883074305
96,127.01230132637474,37.626043121482,15.0,514.0125786163522,174.7521956222456
97,127.01230658447975,37.62599778063925,15.0,519.0754716981132,174.75219243937022
98,127.01231184258474,37.62595243979651,15.0,524.1383647798742,174.7521892824832
99,127.01231710068974,37.62590709895375,15.0,529.2012578616352,174.75218607253134
100,127.01232235879473,37.62586175811101,15.0,534.2641509433962,174.7521828903981
101,127.01232761689974,37.62581641726826,15.0,539.3270440251572,174.75217973132453
102,127.01233287500474,37.625771076425515,15.0,544.3899371069183,174.75217652284687
103,127.01233813310974,37.62572573558277,15.0,549.4528301886793,174.75217334108947
104,127.01234339121474,37.62568039474002,15.0,554.5157232704403,174.7521701820259
105,127.01234864931973,37.62563505389727,15.0,559.5786163522013,174.75216697429016
106,127.01235390742474,37.625589713054524,15.0,564.6415094339623,174.75216381486723
107,127.01235916552973,37.62554437221178,15.0,569.7044025157234,174.75216060750404
108,127.01236442363474,37.62549903136903,15.0,574.7672955974842,174.75215742320074
109,127.01236968173974,37.625453690526285,15.0,579.8301886792453,174.75215426744842
110,127.01237493984473,37.62540834968353,15.0,584.8930817610063,174.7521510578988
111,127.01238019794974,37.625363008840786,15.0,589.9559748427673,174.75214789959057
112,127.01238545605473,37.62531766799804,15.0,595.0188679245283,174.75214469114565
113,127.01239071415974,37.625272327155294,15.0,600.0817610062893,174.75214150795705
114,127.01239597226474,37.62522698631255,15.0,605.1446540880504,171.88997661512246
115,127.01240407810138,37.62518193357029,15.0,610.2075471698113,170.6895858601863
116,127.01241337868065,37.62513700169825,15.0,615.2704402515724,171.0940134503195
117,127.01242227663492,37.62509202882179,15.0,620.3333333333334,174.65593272633828
118,127.01242763084582,37.62504669504089,15.0,625.3962264150944,174.65592945962646
119,127.01243298505672,37.625001361260004,15.0,630.4591194968554,174.65592624602573
120,127.01243833926762,37.62495602747911,15.0,635.5220125786163,174.65592297894784
121,127.01244369347852,37.62491069369822,15.0,640.5849056603774,174.6559197642356
122,127.01244904768942,37.62486535991733,15.0,645.6477987421383,174.65591652465014
123,127.01245440190031,37.62482002613643,15.0,650.7106918238994,174.65591325832781
124,127.01245975611121,37.624774692355544,15.0,655.7735849056604,172.24099274037837
125,127.0124675169896,37.624729579459625,15.0,660.8364779874214,172.12426541089042
126,127.0124753942262,37.62468447724311,15.0,665.8993710691824,172.1242606889483
127,127.0124832714628,37.6246393750266,15.0,670.9622641509434,172.12425597249523
128,127.0124911486994,37.624594272810086,15.0,676.0251572327045,172.12425125165987
129,127.012499025936,37.624549170593575,15.0,681.0880503144654,172.124246535765
130,127.01250690317259,37.624504068377064,15.0,686.1509433962265,172.1242418171331
131,127.01251478040919,37.624458966160546,15.0,691.2138364779875,170.83715770356207
132,127.01252392376226,37.624414069430884,15.0,696.2767295597484,164.7152028682484
133,127.0125390784044,37.62437014831511,15.0,701.3396226415094,164.71519428295574
134,127.01255423304654,37.62432622719933,15.0,706.4025157232704,164.71518567426483
135,127.01256938768869,37.62428230608356,15.0,711.4654088050315,162.11318995791794
136,127.01258699894636,37.624239086153345,15.0,716.5283018867924,155.64949429569128
137,127.01261070191929,37.62419760496603,15.0,721.5911949685535,155.6494822855284
138,127.01263440489221,37.62415612377871,15.0,726.6540880503145,155.64947027537903
139,127.01265810786514,37.624114642591394,15.0,731.7169811320755,155.64945826359303
140,127.01268181083807,37.62407316140408,15.0,736.7798742138366,155.64944625842156
141,127.012705513811,37.62403168021675,15.0,741.8427672955975,155.64943424666262
142,127.01272921678392,37.623990199029436,15.0,746.9056603773586,155.64942223491732
143,127.01275291975685,37.62394871784212,15.0,751.9685534591194,155.64941022483583
144,127.01277662272977,37.6239072366548,15.0,757.0314465408806,155.64939821641815
145,127.0128003257027,37.623865755467484,15.0,762.0943396226415,149.4870927065607
146,127.01282951222974,37.623826531175105,15.0,767.1572327044025,149.43474485843768
147,127.01285874541689,37.623787326086884,15.0,772.2201257861636,149.43473162923556
148,127.01288797860406,37.62374812099866,15.0,777.2830188679245,149.43471839190767
149,127.01291721179122,37.62370891591044,15.0,782.3459119496856,156.07944368062385
150,127.01294043740847,37.623667444142235,15.0,787.4088050314466,159.62130722056588
151,127.01296045564062,37.62362476221489,15.0,792.4716981132076,159.62129650285124
152,127.01298047387276,37.62358208028755,15.0,797.5345911949686,159.62128576695068
153,127.01300049210491,37.6235393983602,15.0,802.5974842767296,159.6212750240934
154,127.01302051033704,37.623496716432854,15.0,807.6603773584907,159.62126426723125
155,127.01304052856919,37.62345403450551,15.0,812.7232704402516,159.62125357194327
156,127.01306054680133,37.62341135257817,15.0,817.7861635220127,160.412099769904
157,127.01307979861956,37.62336850195512,15.0,822.8490566037736,169.31699522155645
158,127.01309045519065,37.62332375942853,15.0,827.9119496855346,169.31698891618566
159,127.01310111176174,37.62327901690194,15.0,832.9748427672956,169.31698265917862
160,127.01311176833283,37.62323427437534,15.0,838.0377358490566,169.31697635233718
161,127.01312242490393,37.62318953184875,15.0,843.1006289308177,169.31697007042283
162,127.01313308147502,37.623144789322154,15.0,848.1635220125786,171.02959049174467
163,127.01314204018796,37.62309983865389,15.0,853.2264150943397,173.08631175235826
164,127.0131489600457,37.62305463804088,15.0,858.2893081761007,185.81338114999434
165,127.01314320996366,37.62300990549786,15.0,863.3522012578617,192.25468163841288
166,127.01313100807774,37.62296541130608,15.0,868.4150943396227,192.25468877384642
167,127.01311880619181,37.6229209171143,15.0,873.4779874213837,192.25469586480497
168,127.0131066043059,37.62287642292252,15.0,878.5408805031446,192.25470297798967
169,127.01309440241998,37.62283192873075,15.0,883.6037735849058,192.2547101134006
170,127.01308220053406,37.622787434538964,15.0,888.6666666666667,192.2547172026374
171,127.01306999864815,37.62274294034719,15.0,893.7295597484277,192.25472434228087
172,127.01305779676223,37.62269844615541,15.0,898.7924528301887,192.25473142725494
173,127.0130455948763,37.62265395196363,15.0,903.8553459119497,192.25473856858238
174,127.01303339299038,37.62260945777185,15.0,908.9182389937107,191.0873680221821
175,127.01302233832304,37.622564776734336,15.0,913.9811320754717,190.9857917526783
176,127.01301138349105,37.622520079436796,15.0,919.0440251572328,190.98579819574198
177,127.01300042865904,37.62247538213925,15.0,924.1069182389938,190.98580466750795
178,127.01298947382703,37.62243068484171,15.0,929.1698113207548,190.98581108795054
179,127.01297851899503,37.62238598754417,15.0,934.2327044025158,190.9858175287057
180,127.01296756416303,37.622341290246624,15.0,939.2955974842768,191.61974553812783
181,127.01295599871102,37.622296742005005,15.0,944.3584905660377,203.27204570857413
182,127.01293328626915,37.62225491480884,15.0,949.4213836477988,203.2720573625156
183,127.01291057382728,37.62221308761268,15.0,954.4842767295598,203.272069091079
184,127.01288786138542,37.622171260416515,15.0,959.5471698113208,202.72542760079756
185,127.01286565925479,37.622129273786946,15.0,964.6100628930818,199.78242278839144
186,127.01284620331711,37.62208642918116,15.0,969.6729559748428,199.78243330344642
187,127.01282674737944,37.62204358457537,15.0,974.7358490566038,199.78244381848978
188,127.01280729144175,37.62200073996958,15.0,979.7987421383648,199.7824543375853
189,127.01278783550407,37.62195789536379,15.0,984.8616352201259,199.78246485396005
190,127.0127683795664,37.621915050758005,15.0,989.9245283018869,199.78247536761407
191,127.0127489236287,37.62187220615221,15.0,994.9874213836479,199.78248588802938
192,127.01272946769103,37.621829361546425,15.0,1000.0503144654089,199.7824964016602
193,127.01271001175336,37.62178651694064,15.0,1005.1132075471698,199.78250694320707
194,127.01269055581567,37.62174367233485,15.0,1010.1761006289308,199.78251743159623
195,127.01267109987799,37.62170082772906,15.0,1015.2389937106918,199.78252792674672
196,127.01265164394032,37.62165798312327,15.0,1020.3018867924529,199.7825384921227
197,127.01263218800263,37.621615138517484,15.0,1025.364779874214,199.78254898589543
198,127.01261273206495,37.6215722939117,15.0,1030.427672955975,199.80918612386077
199,127.01259325115585,37.62152945683377,15.0,1035.4905660377358,201.88742035181218
200,127.01257182164261,37.621487207180316,15.0,1040.553459119497,201.88743161687208
201,127.01255039212938,37.62144495752686,15.0,1045.616352201258,201.8874428774434
202,127.01252896261614,37.62140270787341,15.0,1050.6792452830189,201.88745416750282
203,127.0125075331029,37.621360458219954,15.0,1055.74213836478,201.88746538844376
204,127.01248610358968,37.62131820856651,15.0,1060.8050314465409,201.8874766930587
205,127.01246467407644,37.62127595891305,15.0,1065.867924528302,201.88748793004714
206,127.01244324456322,37.6212337092596,15.0,1070.930817610063,201.8874991995077
207,127.01242181504998,37.621191459606145,15.0,1075.993710691824,201.88751046000368
208,127.01240038553674,37.62114920995269,15.0,1081.0566037735848,201.8875217234711
209,127.01237895602351,37.62110696029924,15.0,1086.119496855346,201.88753301493475
210,127.01235752651027,37.62106471064579,15.0,1091.182389937107,201.8875442473843
211,127.01233609699703,37.621022460992336,15.0,1096.2452830188681,201.88755551827413
212,127.0123146674838,37.62098021133888,15.0,1101.308176100629,201.8875667757233
213,127.01229323797057,37.62093796168543,15.0,1106.3710691823899,201.887578045096
214,127.01227180845734,37.620895712031974,15.0,1111.433962264151,201.88758930102804
215,127.0122503789441,37.62085346237852,15.0,1116.496855345912,201.8876005924164
216,127.01222894943086,37.620811212725066,15.0,1121.5597484276732,201.88761181020985
217,127.01220751991764,37.62076896307162,15.0,1126.622641509434,201.8876231161538
218,127.0121860904044,37.620726713418165,15.0,1131.685534591195,200.25674526563614
219,127.01216618811252,37.62068399872513,15.0,1136.748427672956,200.17305852604028
220,127.01214636420826,37.62064126016302,15.0,1141.8113207547171,200.1730691838704
221,127.01212654030402,37.62059852160091,15.0,1146.874213836478,200.1730798485899
222,127.01210671639979,37.6205557830388,15.0,1151.937106918239,200.65126325525145
223,127.0120864435642,37.62051317845626,15.0,1157.0,206.78078139135803
224,127.01204688526201,37.62045109788748,33.0,1161.9268292682927,210.02748299447887
225,127.01201889234093,37.6204127366411,33.0,1166.8536585365853,210.02749580516505
226,127.01199089941984,37.62037437539472,33.0,1171.780487804878,210.02750860760423
227,127.01196290649875,37.620336014148336,33.0,1176.7073170731708,210.02752141826147
228,127.01193491357768,37.620297652901954,33.0,1181.6341463414635,210.0275342268462
229,127.01190692065659,37.62025929165557,33.0,1186.560975609756,210.02754703953272
230,127.0118789277355,37.62022093040919,33.0,1191.4878048780488,210.02755983779787
231,127.0118509348144,37.62018256916281,33.0,1196.4146341463415,210.78218601574787
232,127.01182231369972,37.62014451286344,33.0,1201.341463414634,216.7553043961969
233,127.01178890596569,37.6201090835272,33.0,1206.2682926829268,220.19190607506118
234,127.01175280566034,37.620075237183286,33.0,1211.1951219512196,220.19191895640628
235,127.01171670535497,37.620041390839376,33.0,1216.121951219512,220.19193179261205
236,127.01168060504962,37.620007544495465,33.0,1221.0487804878048,231.63970745774816
237,127.01163763420513,37.61998060610496,33.0,1225.9756097560976,243.34607829581185
238,127.01158763978248,37.61996072954026,33.0,1230.9024390243903,243.3460844262279
239,127.01153764535982,37.61994085297555,33.0,1235.8292682926829,243.3460905670021
240,127.01148765093718,37.61992097641085,33.0,1240.7560975609756,243.3460967097625
241,127.01143765651453,37.619901099846146,33.0,1245.6829268292684,243.34610284618626
242,127.01138766209189,37.61988122328144,33.0,1250.6097560975609,243.3461089919478
243,127.01133766766924,37.61986134671674,33.0,1255.5365853658536,243.3461151260127
244,127.01128767324658,37.61984147015203,33.0,1260.4634146341464,243.346121282127
245,127.01123767882395,37.61982159358733,33.0,1265.3902439024391,243.34612741618116
246,127.01118768440129,37.619801717022625,33.0,1270.3170731707316,243.3461335539057
247,127.01113768997865,37.619781840457925,33.0,1275.2439024390244,243.34613969530065
248,127.011087695556,37.61976196389322,33.0,1280.1707317073171,243.34614583235057
249,127.01103770113336,37.61974208732851,33.0,1285.0975609756097,243.34615199711723
250,127.01098770671071,37.61972221076381,33.0,1290.0243902439024,243.346158123129
251,127.01093771228805,37.619702334199104,33.0,1294.9512195121952,243.34616425648696
252,127.01088771786542,37.619682457634404,33.0,1299.878048780488,243.34617039851884
253,127.01083772344276,37.6196625810697,33.0,1304.8048780487804,243.34617655090884
254,127.01078772902012,37.619642704505,33.0,1309.7317073170732,243.34618269594188
255,127.01073773459747,37.61962282794029,33.0,1314.658536585366,243.34618882994215
256,127.01068774017482,37.61960295137559,33.0,1319.5853658536585,243.34619496761286
257,127.01063774575218,37.61958307481088,33.0,1324.5121951219512,243.3462011126297
258,127.01058775132952,37.619563198246176,33.0,1329.439024390244,243.34620726131698
259,127.01053775690688,37.619543321681476,33.0,1334.3658536585367,243.34621338794415
260,127.01048776248423,37.61952344511677,33.0,1339.2926829268292,243.3462195439722
261,127.01043776806158,37.61950356855207,33.0,1344.219512195122,243.19353373782718
262,127.0103878475664,37.619483589277316,33.0,1349.1463414634147,237.2806861756211
263,127.01034078476066,37.61945963971327,33.0,1354.0731707317073,57.28065905832881
264,127.01038373584915,37.61948149688536,33.0,1359.0,238.51481096127122
265,127.0102163863798,37.61940031428622,33.0,1367.4197530864199,239.81467468198449
266,127.01013375229047,37.619362242087895,33.0,1375.8395061728395,239.81468743376922
267,127.01005111820116,37.61932416988957,33.0,1384.2592592592594,239.81470018553316
268,127.00996848411184,37.61928609769125,33.0,1392.679012345679,239.81471293168897
269,127.00988585002253,37.61924802549293,33.0,1401.0987654320988,239.81472569458623
270,127.0098032159332,37.61920995329461,33.0,1409.5185185185185,239.8147384309525
271,127.0097205818439,37.619171881096285,33.0,1417.9382716049383,239.8147511923815
272,127.00963794775458,37.61913380889796,33.0,1426.358024691358,239.8147639398811
273,127.00955531366526,37.61909573669964,33.0,1434.7777777777778,239.8147766998418
274,127.00947267957595,37.61905766450133,33.0,1443.1975308641975,239.81478944729986
275,127.00939004548663,37.619019592303005,33.0,1451.6172839506173,239.81480220305838
276,127.00930741139732,37.61898152010468,33.0,1460.037037037037,238.75041530576698
277,127.0092257007751,37.61894224644844,33.0,1468.4567901234568,237.52630634400705
278,127.00914505217196,37.61890159107413,33.0,1476.8765432098764,237.52632053735334
279,127.00906440356881,37.618860935699814,33.0,1485.2962962962963,229.5029077956182
280,127.00899232635291,37.61881217986498,33.0,1493.716049382716,222.538905313387
281,127.00892769476505,37.61875638747771,33.0,1502.1358024691358,222.53892671710832
282,127.00886306317719,37.61870059509043,33.0,1510.5555555555557,218.7471589999964
283,127.00880327190578,37.61864157957805,33.0,1518.9753086419753,217.56822799151956
284,127.00874498658965,37.61858156126301,33.0,1527.3950617283951,217.568250346306
285,127.0086867012735,37.61852154294797,33.0,1535.8148148148148,204.36418497072825
286,127.00864739756781,37.61845279820979,33.0,1544.2345679012346,202.69388021879797
287,127.00861051608658,37.61838293990142,33.0,1552.6543209876543,202.69389939436527
288,127.00857363460534,37.61831308159306,33.0,1561.0740740740741,202.69391854361473
289,127.00853675312409,37.61824322328469,33.0,1569.4938271604938,201.1114051513622
290,127.00850245114256,37.6181728510849,33.0,1577.9135802469136,185.54166672142657
291,127.00849321955258,37.618097484327656,33.0,1586.3333333333333,185.54167228838074
292,127.0084839879626,37.61802211757041,33.0,1594.7530864197531,185.54167788707787
293,127.00847475637264,37.617946750813175,33.0,1603.1728395061727,185.54168346872703
294,127.00846552478265,37.61787138405593,33.0,1611.5925925925926,180.45384311420844
295,127.00846476907913,37.61779581581676,33.0,1620.0123456790125,177.89623371418315
296,127.00846827830355,37.617720146195175,33.0,1628.432098765432,177.89623156010032
297,127.008471787528,37.61764447657359,33.0,1636.8518518518517,177.8962294363248
298,127.00847529675242,37.617568806951994,33.0,1645.2716049382716,177.53130508734364
299,127.00847941383697,37.61749316583047,33.0,1653.6913580246915,175.3288470515805
300,127.00848719872467,37.61741769667712,33.0,1662.111111111111,175.32884234670757
301,127.00849498361237,37.61734222752378,33.0,1670.530864197531,175.32883764145083
302,127.00850276850005,37.61726675837044,33.0,1678.9506172839506,166.65748330425367
303,127.00852476675912,37.61719328914091,33.0,1687.3703703703704,164.5257567569024
304,127.0085502717117,37.61712031332844,33.0,1695.79012345679,164.52574231461108
305,127.00857577666429,37.61704733751597,33.0,1704.20987654321,164.52572783973972
306,127.00860128161686,37.6169743617035,33.0,1712.6296296296296,164.52571339557392
307,127.00862678656945,37.616901385891026,33.0,1721.0493827160494,164.52569892011218
308,127.00865229152203,37.616828410078554,33.0,1729.4691358024693,164.52568446130044
309,127.00867779647461,37.61675543426608,33.0,1737.888888888889,163.07494444303506
310,127.00870561313045,37.61668302599514,33.0,1746.3086419753085,161.03446497195966
311,127.00873668088228,37.61661141589409,33.0,1754.7283950617284,161.03444800882744
312,127.00876774863411,37.61653980579305,33.0,1763.1481481481483,161.0344310664061
313,127.00879881638595,37.61646819569201,33.0,1771.567901234568,163.00933212810412
314,127.00882670713283,37.61639589167297,33.0,1779.9876543209875,168.13384034153376
315,127.00884636354206,37.61632178911878,33.0,1788.4074074074074,168.1338288531125
316,127.00886601995128,37.616247686564584,33.0,1796.8271604938273,175.3043023217599
317,127.00887383489302,37.616172322566136,33.0,1805.2469135802469,176.54720646905514
318,127.00887959206861,37.616096739358596,33.0,1813.6666666666667,178.65950738920856
319,127.00888182618024,37.61602111281375,33.0,1822.0864197530864,182.74988998948652
320,127.00887724001763,37.615945479349534,33.0,1830.5061728395062,182.74989278181528
321,127.00887265385502,37.61586984588532,33.0,1838.9259259259259,182.74989559041165
322,127.0088680676924,37.61579421242111,33.0,1847.3456790123457,182.7498983673821
323,127.0088634815298,37.615718578956894,33.0,1855.7654320987654,182.74990116062017
324,127.00885889536718,37.61564294549268,33.0,1864.1851851851852,182.74990396850941
325,127.00885430920457,37.615567312028475,33.0,1872.604938271605,182.7499067308094
326,127.00884972304196,37.61549167856426,33.0,1881.0246913580247,183.03894271584423
327,127.00884465572149,37.61541607105384,33.0,1889.4444444444443,185.04105295962927
328,127.00883625613082,37.615340643287055,33.0,1897.8641975308642,185.04105804742667
329,127.00882785654015,37.61526521552027,33.0,1906.283950617284,185.04106313436944
330,127.00881945694948,37.61518978775348,33.0,1914.7037037037037,185.0410682065344
331,127.00881105735883,37.61511435998669,33.0,1923.1234567901233,185.04107330886305
332,127.00880265776816,37.61503893221991,33.0,1931.5432098765432,185.04107839577946
333,127.00879425817749,37.61496350445312,33.0,1939.962962962963,185.04108348268713
334,127.00878585858682,37.614888076686334,33.0,1948.3827160493827,185.04108855502844
335,127.00877745899615,37.614812648919546,33.0,1956.8024691358023,185.04109365711057
336,127.00876905940548,37.61473722115276,33.0,1965.2222222222222,185.04109874441488
337,127.00876065981481,37.61466179338597,33.0,1973.641975308642,185.0411038317104
338,127.00875226022414,37.61458636561919,33.0,1982.061728395062,185.0411089029592
339,127.00874386063349,37.6145109378524,33.0,1990.4814814814815,185.0411140052178
340,127.00873546104282,37.61443551008561,33.0,1998.9012345679012,185.04111909269847
341,127.00872706145215,37.614360082318825,33.0,2007.320987654321,185.0411241793245
342,127.00871866186148,37.61428465455204,33.0,2015.7407407407409,186.17587341971407
343,127.00870838054084,37.61420939049321,33.0,2024.1604938271605,187.49374449004873
344,127.00869591387595,37.614134316556374,33.0,2032.5802469135801,187.49375196890747
345,127.00868344721106,37.61405924261953,33.0,2041.0,188.56287629000073
346,127.00867895764075,37.61403562373264,30.0,2043.1401869158879,188.8205455276891
347,127.00867523183182,37.61401660419724,30.0,2045.2803738317757,188.82054768457996
348,127.00867150602289,37.613997584661846,30.0,2047.4205607476636,188.8205499080193
349,127.00866778021395,37.613978565126445,30.0,2049.5607476635514,188.82055212855403
350,127.00866405440503,37.61395954559105,30.0,2051.700934579439,188.82055440547452
351,127.0086603285961,37.61394052605565,30.0,2053.841121495327,188.82055656962052
352,127.00865660278717,37.613921506520256,30.0,2055.9813084112147,188.8205587901523
353,127.00865287697825,37.613902486984855,30.0,2058.121495327103,188.82056100923126
354,127.00864915116931,37.61388346744946,30.0,2060.2616822429904,188.82056322830925
355,127.00864542536038,37.61386444791406,30.0,2062.4018691588785,188.82056545319355
356,127.00864169955145,37.61384542837867,30.0,2064.542056074766,188.82056766791408
357,127.00863797374252,37.613826408843266,30.0,2066.6822429906542,188.82056995353875
358,127.00863424793359,37.61380738930787,30.0,2068.822429906542,188.82057211187046
359,127.00863052212466,37.61378836977247,30.0,2070.96261682243,199.29408169966746
360,127.00862253497007,37.61377029680207,30.0,2073.1028037383176,202.50783985200695
361,127.00861323361795,37.61375251575199,30.0,2075.2429906542056,202.5078446897822
362,127.00860393226581,37.6137347347019,30.0,2077.3831775700933,202.50784959748276
363,127.00859463091369,37.61371695365182,30.0,2079.5233644859813,202.50785439069696
364,127.00858532956155,37.613699172601734,30.0,2081.663551401869,202.50785923571425
365,127.00857602820943,37.61368139155165,30.0,2083.803738317757,202.50786412891017
366,127.0085667268573,37.61366361050156,30.0,2085.9439252336447,202.50786892936637
367,127.00855742550517,37.61364582945148,30.0,2088.0841121495328,202.50787377075233
368,127.00854812415305,37.613628048401395,30.0,2090.2242990654204,202.50787861576043
369,127.00853882280092,37.61361026735131,30.0,2092.3644859813085,203.5340182326464
370,127.00852914014229,37.613592656003284,30.0,2094.504672897196,216.1495008324532
371,127.00851480717539,37.613577114294465,30.0,2096.644859813084,216.14950649342387
372,127.00850047420849,37.613561572585645,30.0,2098.785046728972,216.1495122401196
373,127.00848614124159,37.613546030876826,30.0,2100.92523364486,216.1495179551188
374,127.00847180827469,37.613530489168014,30.0,2103.0654205607475,220.40856076555934
375,127.00845612270871,37.613515893962365,30.0,2105.2056074766356,226.7636869415109
376,127.00843842114341,37.61350270948499,30.0,2107.345794392523,226.76369201106988
377,127.00842071957813,37.613489525007616,30.0,2109.4859813084113,226.76369707372857
378,127.00840301801283,37.61347634053024,30.0,2111.626168224299,226.7637021774856
379,127.00838531644753,37.613463156052866,30.0,2113.766355140187,226.76370716483555
380,127.00836761488225,37.613449971575484,30.0,2115.9065420560746,226.7637122823832
381,127.00834991331695,37.61343678709811,30.0,2118.0467289719627,226.76371740682615
382,127.00833221175165,37.613423602620735,30.0,2120.1869158878503,228.57966491650285
383,127.0083139939872,37.61341087074891,30.0,2122.3271028037384,229.0384937909526
384,127.00829564577741,37.61339825325208,30.0,2124.467289719626,229.03849858917508
385,127.00827729756763,37.61338563575526,30.0,2126.607476635514,229.03850341599437
386,127.00825894935784,37.61337301825843,30.0,2128.7476635514017,229.0385082356616
387,127.00824060114805,37.61336040076161,30.0,2130.88785046729,229.0385130231428
388,127.00822225293827,37.613347783264786,30.0,2133.0280373831774,229.03851785353976
389,127.00820390472848,37.61333516576796,30.0,2135.1682242990655,229.0385226517507
390,127.00818555651868,37.613322548271135,30.0,2137.308411214953,229.0385274463748
391,127.0081672083089,37.61330993077431,30.0,2139.448598130841,229.03853229106437
392,127.00814886009911,37.613297313277485,30.0,2141.588785046729,229.03853709641817
393,127.00813051188932,37.613284695780656,30.0,2143.728971962617,229.03854191606925
394,127.00811216367954,37.613272078283835,30.0,2145.8691588785045,229.03854673571797
395,127.00809381546975,37.613259460787006,30.0,2148.0093457943926,229.03855154821466
396,127.00807546725996,37.613246843290185,30.0,2150.1495327102803,229.0385563142258
397,127.00805711905018,37.61323422579336,30.0,2152.2897196261683,229.03856115890153
398,127.00803877084039,37.613221608296534,30.0,2154.429906542056,229.03856597854104
399,127.0080204226306,37.61320899079971,30.0,2156.570093457944,229.03857079817826
400,127.00800207442082,37.613196373302884,30.0,2158.7102803738317,229.03857561781317
401,127.00798372621102,37.61318375580606,30.0,2160.8504672897197,229.03858040884668
402,127.00796537800123,37.613171138309234,30.0,2162.9906542056074,229.03858522847696
403,127.00794702979144,37.61315852081241,30.0,2165.1308411214955,229.0385900087715
404,127.00792868158166,37.61314590331559,30.0,2167.271028037383,229.03859483913155
405,127.00791033337187,37.61313328581876,30.0,2169.411214953271,229.03859968735404
406,127.00789198516208,37.61312066832194,30.0,2171.551401869159,229.03860443189276
407,127.0078736369523,37.61310805082511,30.0,2173.691588785047,229.03860930514452
408,127.0078552887425,37.61309543332829,30.0,2175.8317757009345,229.03861408901213
409,127.00783694053271,37.61308281583146,30.0,2177.9719626168226,229.0386189300756
410,127.00781859232293,37.61307019833464,30.0,2180.11214953271,229.03862370678877
411,127.00780024411314,37.61305758083781,30.0,2182.2523364485983,229.03862856929698
412,127.00778189590335,37.61304496334099,30.0,2184.392523364486,229.0386333138219
413,127.00776354769357,37.61303234584417,30.0,2186.532710280374,229.03863815131092
414,127.00774519948378,37.61301972834734,30.0,2188.6728971962616,229.46432000748692
415,127.00772673348767,37.61300721921138,30.0,2190.8130841121497,229.46936803863176
416,127.00770826609606,37.612994711359256,30.0,2192.9532710280373,229.4693727985424
417,127.00768979870445,37.61298220350714,30.0,2195.0934579439254,229.4693775410477
418,127.00767133131284,37.61296969565502,30.0,2197.233644859813,229.46938232555308
419,127.00765286392122,37.6129571878029,30.0,2199.373831775701,229.46938707826064
420,127.00763439652961,37.61294467995077,30.0,2201.5140186915887,229.46939188435022
421,127.00761592913798,37.61293217209865,30.0,2203.654205607477,229.4693966052577
422,127.00759746174637,37.61291966424653,30.0,2205.7943925233644,229.4694013651547
423,127.00757899435476,37.612907156394414,30.0,2207.9345794392525,229.46940611065693
424,127.00756052696315,37.61289464854229,30.0,2210.07476635514,230.08510915509092
425,127.00754191314313,37.612882313308816,30.0,2212.214953271028,242.73086235626786
426,127.00752031615109,37.6128734948188,30.0,2214.355140186916,242.73086512101725
427,127.00749871915905,37.61286467632878,30.0,2216.495327102804,242.730867898668
428,127.007477122167,37.61285585783877,30.0,2218.6355140186915,250.20995748887742
429,127.0074542774765,37.612849346253384,30.0,2220.7757009345796,250.88458617395253
430,127.00743131992374,37.6128430433422,30.0,2222.9158878504672,250.88458769441144
431,127.00740836237097,37.61283674043103,30.0,2225.0560747663553,246.61505716559458
432,127.0073860629768,37.61282910181416,30.0,2227.196261682243,246.47210744039083
433,127.0073637856394,37.61282141843403,30.0,2229.336448598131,246.47210961574714
434,127.00734150830199,37.612813735053905,30.0,2231.4766355140187,246.47211176506002
435,127.00731923096457,37.61280605167378,30.0,2233.6168224299067,246.47211393173393
436,127.00729695362716,37.612798368293646,30.0,2235.7570093457944,246.47211611576893
437,127.00727467628975,37.61279068491352,30.0,2237.8971962616824,246.4721182977125
438,127.00725239895233,37.612783001533394,30.0,2240.03738317757,246.4721204317512
439,127.00723012161492,37.61277531815327,30.0,2242.177570093458,246.47212259842212
440,127.00720784427752,37.612767634773135,30.0,2244.3177570093458,246.83584175710092
441,127.00718550665233,37.61276006385476,30.0,2246.457943925234,247.5073102742545
442,127.00716305773038,37.612752700551205,30.0,2248.5981308411215,247.5073122849513
443,127.00714060880841,37.612745337247645,30.0,2250.738317757009,249.03857589624252
444,127.0071179210653,37.61273845224936,30.0,2252.878504672897,249.33116926492352
445,127.0070951876833,37.61273165865553,30.0,2255.0186915887853,249.33117099349795
446,127.00707245430131,37.612724865061686,30.0,2257.158878504673,249.33117272207187
447,127.00704972091931,37.612718071467846,30.0,2259.2990654205605,249.33117442946696
448,127.00702698753732,37.612711277874006,30.0,2261.4392523364486,246.8195102986286
449,127.00700468675791,37.61270371348018,30.0,2263.5794392523367,242.73054090809023
450,127.00698308987951,37.612694894893906,30.0,2265.7196261682243,242.73054367511745
451,127.00696149300111,37.61268607630763,30.0,2267.859813084112,62.73052147789849
452,127.00700748875326,37.61270485761024,30.0,2270.0,246.5127235045092
453,127.0068651922266,37.61265587485082,27.0,2277.529411764706,249.6068666384083
454,127.00678506961678,37.61263227937375,27.0,2285.0588235294117,249.60687258457017
455,127.00670494700697,37.61260868389668,27.0,2292.5882352941176,249.60687852388475
456,127.00662482439714,37.612585088419614,27.0,2300.1176470588234,249.6068844574209
457,127.00654470178732,37.61256149294254,27.0,2307.6470588235293,249.60689039419992
458,127.0064645791775,37.61253789746547,27.0,2315.176470588235,249.60689632934782
459,127.00638445656769,37.612514301988405,27.0,2322.705882352941,249.6069022729547
460,127.00630433395787,37.61249070651133,27.0,2330.235294117647,249.60690820719174
461,127.00622421134806,37.61246711103426,27.0,2337.764705882353,245.71770655953398
462,127.00614643155609,37.61243931422241,27.0,2345.294117647059,242.7299069069939
463,127.00607045215095,37.612408288807934,27.0,2352.823529411765,242.7299166419544
464,127.00599447274581,37.612377263393455,27.0,2360.3529411764707,242.72992637929366
465,127.00591849334067,37.61234623797898,27.0,2367.8823529411766,242.7299361040211
466,127.00584251393555,37.61231521256451,27.0,2375.4117647058824,242.7299458467561
467,127.00576653453041,37.61228418715004,27.0,2382.9411764705883,242.43317068112424
468,127.00569078248314,37.61225286009263,27.0,2390.470588235294,235.5904223987308
469,127.00568773176697,37.612251204782474,27.0,2398.0,245.50268519558153
470,127.00557125496512,37.61220916089797,25.0,2402.939393939394,258.7271608921496
471,127.00551626095269,37.61220047740487,25.0,2407.878787878788,258.72716215862187
472,127.00546126694027,37.61219179391176,25.0,2412.818181818182,266.3201056028696
473,127.00540550538771,37.61218895298439,25.0,2417.757575757576,269.3903971409262
474,127.00534943271042,37.612188480359,25.0,2422.6969696969695,269.3903971530044
475,127.00529336003311,37.612188007733614,25.0,2427.6363636363635,269.79564589826134
476,127.00523730161416,37.61218784933456,25.0,2432.5757575757575,274.7271151845947
477,127.00518141649228,37.61219151006671,25.0,2437.5151515151515,274.72711542440925
478,127.00512553137038,37.61219517079885,25.0,2442.4545454545455,274.72711565604703
479,127.00506964624849,37.612198831530996,25.0,2447.3939393939395,274.7271158754196
480,127.0050137611266,37.61220249226314,25.0,2452.3333333333335,274.7271161152343
481,127.00495787600471,37.61220615299528,25.0,2457.2727272727275,274.72711635310316
482,127.00490199088283,37.612209813727425,25.0,2462.212121212121,274.7271165744217
483,127.00484610576093,37.612213474459566,25.0,2467.151515151515,274.72711680197125
484,127.00479022063905,37.612217135191706,25.0,2472.090909090909,274.37267532777315
485,127.00473430994847,37.61222052187594,25.0,2477.030303030303,273.7240865013521
486,127.00467835247072,37.612223407090205,25.0,2481.969696969697,273.7240866471169
487,127.00462239499298,37.61222629230447,25.0,2486.909090909091,273.7240867772233
488,127.00456643751522,37.61222917751873,25.0,2491.848484848485,273.72408693767443
489,127.00451048003747,37.61223206273299,25.0,2496.787878787879,273.7240870752519
490,127.00445452255973,37.61223494794726,25.0,2501.7272727272725,273.7240872135458
491,127.00439856508197,37.612237833161515,25.0,2506.6666666666665,273.7240873756856
492,127.00434260760423,37.61224071837578,25.0,2511.6060606060605,273.72408751397955
493,127.00428665012647,37.612243603590045,25.0,2516.5454545454545,273.72408765396216
494,127.00423069264872,37.61224648880431,25.0,2521.4848484848485,273.7240877857573
495,127.00417473517098,37.61224937401857,25.0,2526.4242424242425,271.0447252235832
496,127.00411870646612,37.612250183381875,25.0,2531.3636363636365,269.3895765435053
497,127.00406263375152,37.61224971012032,25.0,2536.3030303030305,269.3895765391853
498,127.00400656103692,37.612249236858766,25.0,2541.242424242424,269.3895765594783
499,127.00395048832233,37.612248763597215,25.0,2546.181818181818,269.3895765551583
500,127.00389441560773,37.612248290335664,25.0,2551.121212121212,265.9075311629613
501,127.00383866119341,37.612245130272676,25.0,2556.060606060606,79.88798208289609
502,127.00385128774188,37.61224691410634,25.0,2561.0,260.73456108186554
503,127.00371559454403,37.612229378332096,24.0,2567.7241379310344,261.41277291272485
504,127.00364011263892,37.61222034899421,24.0,2574.448275862069,261.41277392788464
505,127.0035646307338,37.61221131965631,24.0,2581.1724137931033,261.41277496701
506,127.00348914882869,37.61220229031842,24.0,2587.896551724138,261.4127759909799
507,127.00341366692358,37.61219326098053,24.0,2594.6206896551726,261.4127770299762
508,127.00333818501846,37.612184231642644,24.0,2601.344827586207,260.2562986744661
509,127.00326296071998,37.61217399898333,24.0,2608.0689655172414,259.33975600307036
510,127.00318794058737,37.612162812632825,24.0,2614.793103448276,259.3397575692625
511,127.00311292045475,37.61215162628231,24.0,2621.5172413793102,259.339759130102
512,127.00303790032216,37.6121404399318,24.0,2628.2413793103447,259.3397607122424
513,127.00296288018954,37.612129253581294,24.0,2634.9655172413795,257.0500979821239
514,127.00288856138087,37.61211571599536,24.0,2641.689655172414,254.07260231197426
515,127.00281515441128,37.612099121407894,24.0,2648.4137931034484,254.0726056828703
516,127.00274174744169,37.61208252682044,24.0,2655.137931034483,253.91178655153874
517,127.00266840500795,37.61206577032238,24.0,2661.862068965517,248.6512304705849
518,127.00259774367687,37.612043891585586,24.0,2668.5862068965516,230.61291105232635
519,127.00253874424075,37.61200551892,24.0,2675.310344827586,229.2922436578446
520,127.00248093541308,37.61196611909241,24.0,2682.0344827586205,221.28768544087418
521,127.00243068257295,37.61192078645633,24.0,2688.7586206896553,216.1457983734302
522,127.00238565561315,37.61187195448881,24.0,2695.4827586206898,216.14581631197328
523,127.00234062865334,37.611823122521294,24.0,2702.206896551724,214.90172918221486
524,127.0022969667106,37.61177354578352,24.0,2708.9310344827586,212.97064996664906
525,127.00225542330786,37.61172281314401,24.0,2715.655172413793,212.97066781514928
526,127.00221387990513,37.611672080504505,24.0,2722.3793103448274,222.13285253142178
527,127.00216305473724,37.611627573028606,24.0,2729.103448275862,239.02791465431693
528,127.00209760199749,37.61159645309281,24.0,2735.8275862068967,239.02792523859335
529,127.00203214925773,37.61156533315702,24.0,2742.551724137931,239.0279358176881
530,127.00196669651798,37.611534213221226,24.0,2749.2758620689656,239.02794639884542
531,127.00190124377822,37.61150309328543,24.0,2756.0,259.8368556623294
532,127.00183801798296,37.611494114738946,22.0,2761.3541666666665,261.0778127709708
533,127.00177796939825,37.61148664681812,22.0,2766.7083333333335,261.0778136711883
534,127.00171792081355,37.611479178897305,22.0,2772.0625,261.07781453777534
535,127.00165787222885,37.61147171097649,22.0,2777.4166666666665,261.07781541927926
536,127.00159782364413,37.611464243055664,22.0,2782.7708333333335,261.0778163082794
537,127.00153777505943,37.61145677513485,22.0,2788.125,261.0778171898207
538,127.00147772647473,37.61144930721403,22.0,2793.4791666666665,261.0778180675848
539,127.00141767789003,37.61144183929321,22.0,2798.8333333333335,261.07781895284523
540,127.00135762930532,37.61143437137239,22.0,2804.1875,261.07781983062773
541,127.00129758072062,37.61142690345157,22.0,2809.5416666666665,260.8581795308928
542,127.00123756900453,37.61141925327059,22.0,2814.8958333333335,260.73627246696117
543,127.00117757775173,37.61141150192924,22.0,2820.25,260.7362734157571
544,127.00111758649894,37.61140375058788,22.0,2825.6041666666665,260.73627436081745
545,127.00105759524614,37.61139599924653,22.0,2830.9583333333335,260.7362753058775
546,127.00099760399334,37.611388247905175,22.0,2836.3125,260.73627626600376
547,127.00093761274053,37.61138049656382,22.0,2841.6666666666665,260.73627721093726
548,127.00087762148773,37.61137274522247,22.0,2847.0208333333335,260.7362781597314
549,127.00081763023493,37.61136499388111,22.0,2852.375,260.73627910478996
550,127.00075763898214,37.61135724253976,22.0,2857.7291666666665,260.7362800573186
551,127.00069764772934,37.6113494911984,22.0,2863.0833333333335,260.7362809986412
552,127.00063765647654,37.611341739857046,22.0,2868.4375,260.73628195490437
553,127.00057766522374,37.611333988515696,22.0,2873.7916666666665,260.00328545585074
554,127.0005178232277,37.61132563252718,22.0,2879.1458333333335,257.13705840997864
555,127.00045856463981,37.611314913120495,22.0,2884.5,257.1370601986402
556,127.00039930605193,37.611304193713806,22.0,2889.8541666666665,257.1370619946801
557,127.00034004746405,37.61129347430711,22.0,2895.2083333333335,257.1370637923688
558,127.00028078887617,37.61128275490042,22.0,2900.5625,257.13706557937786
559,127.00022153028829,37.611272035493734,22.0,2905.9166666666665,257.13706736803573
560,127.0001622717004,37.611261316087045,22.0,2911.2708333333335,256.4655660901001
561,127.00010319901219,37.611250051693744,22.0,2916.625,252.62169920214785
562,127.00004518969075,37.61123566991656,22.0,2921.9791666666665,253.71766166331565
563,126.99998688574954,37.61122217943669,22.0,2927.3333333333335,258.4991061174202
564,126.99992732820652,37.61121257983425,22.0,2932.6875,259.339793624063
565,126.9998676134732,37.61120367561311,22.0,2938.0416666666665,255.29401734244388
566,126.99980882083871,37.611191451996106,22.0,2943.3958333333335,255.2940196438013
567,126.99975002820423,37.6111792283791,22.0,2948.75,255.294021967121
568,126.99969123556974,37.611167004762095,22.0,2954.1041666666665,255.2940242892068
569,126.99963244293525,37.61115478114509,22.0,2959.4583333333335,255.2940265808109
570,126.99957365030076,37.61114255752808,22.0,2964.8125,255.29402891387582
571,126.99951485766627,37.61113033391108,22.0,2970.1666666666665,243.08400205819999
572,126.99946069475111,37.61110855122014,22.0,2975.5208333333335,242.72592091238877
573,126.99940666864555,37.611086486055655,22.0,2980.875,242.7259278252243
574,126.99935264253999,37.611064420891175,22.0,2986.2291666666665,242.72593474567998
575,126.99929861643444,37.61104235572669,22.0,2991.5833333333335,235.65243294922954
576,126.99924904608672,37.611015520929385,22.0,2996.9375,224.26837793554083
577,126.99920661784495,37.61098104091792,22.0,3002.2916666666665,215.2247550150701
578,126.99917166774163,37.61094182873054,22.0,3007.6458333333335,212.9687835324766
579,126.99913859038536,37.61090143146635,22.0,3013.0,204.07856912253558
580,126.99911387611799,37.61085762033947,22.0,3018.3541666666665,201.55540966570612
581,126.99909154419196,37.61081283672667,22.0,3023.7083333333335,201.55542143275224
582,126.99906921226592,37.61076805311387,22.0,3029.0625,201.55543322348194
583,126.99904688033989,37.61072326950107,22.0,3034.4166666666665,194.99276454181347
584,126.99903136348343,37.61067737164888,22.0,3039.7708333333335,181.76758645809204
585,126.99902948860058,37.61062924338302,22.0,3045.125,181.76758760146248
586,126.99902761371776,37.61058111511717,22.0,3050.4791666666665,181.76758874436473
587,126.99902573883492,37.61053298685131,22.0,3055.8333333333335,181.767589887149
588,126.99902386395208,37.61048485858545,22.0,3061.1875,164.1333199545153
589,126.99904033220197,37.610438959682064,22.0,3066.5416666666665,160.7878218031102
590,126.99906033396454,37.61039349022989,22.0,3071.8958333333335,160.78781094073486
591,126.99908033572709,37.610348020777714,22.0,3077.25,160.78780003307463
592,126.99910033748965,37.61030255132554,22.0,3082.6041666666665,160.7877891505666
593,126.9991203392522,37.610257081873364,22.0,3087.9583333333335,160.78777826433497
594,126.99914034101477,37.61021161242119,22.0,3093.3125,160.78776740201033
595,126.99916034277732,37.610166142969014,22.0,3098.6666666666665,160.78775649190993
596,126.99918034453988,37.61012067351684,22.0,3104.0208333333335,160.7877456094525
597,126.99920034630243,37.610075204064664,22.0,3109.375,160.78773472576233
598,126.999220348065,37.61002973461248,22.0,3114.7291666666665,160.78772386224296
599,126.99924034982755,37.60998426516031,22.0,3120.0833333333335,160.78771295343836
600,126.99926035159011,37.60993879570813,22.0,3125.4375,160.7877020672954
601,126.99928035335266,37.60989332625596,22.0,3130.7916666666665,160.78769118739206
602,126.99930035511522,37.60984785680378,22.0,3136.1458333333335,162.56578505924995
603,126.99931856435286,37.60980192243033,22.0,3141.5,162.9528632080768
604,126.99933638330373,37.60975588682948,22.0,3146.8541666666665,162.95285328882244
605,126.99935420225461,37.609709851228644,22.0,3152.2083333333335,162.95284335108659
606,126.99937202120547,37.6096638156278,22.0,3157.5625,162.95283338821196
607,126.99938984015635,37.60961778002695,22.0,3162.9166666666665,158.46904617800374
608,126.9994120926037,37.60957309925124,22.0,3168.2708333333335,154.85896710151462
609,126.9994379159147,37.60952950969008,22.0,3173.625,154.85895414965535
610,126.9994637392257,37.609485920128904,22.0,3178.9791666666665,154.8589412685833
611,126.9994895625367,37.60944233056774,22.0,3184.3333333333335,154.8589283416834
612,126.99951538584769,37.609398741006565,22.0,3189.6875,159.93053562915816
613,126.9995361933447,37.60935362325504,22.0,3195.0416666666665,163.0674415525981
614,126.99955389594166,37.609307559519806,22.0,3200.3958333333335,163.06743166776778
615,126.99957159853862,37.609261495784565,22.0,3205.75,163.0674217763352
616,126.9995893011356,37.60921543204933,22.0,3211.1041666666665,163.06741189262982
617,126.99960700373256,37.6091693683141,22.0,3216.4583333333335,163.0674020045268
618,126.99962470632953,37.609123304578866,22.0,3221.8125,163.06739211863965
619,126.99964240892649,37.609077240843625,22.0,3227.1666666666665,182.17651861625558
620,126.99964010198923,37.60902915488037,22.0,3232.5208333333335,182.39219089290478
621,126.99963756497804,37.6089810456651,22.0,3237.875,182.39219243846676
622,126.99963502796685,37.608932936449825,22.0,3243.2291666666665,184.1469728405934
623,126.99963063525814,37.60888494137685,22.0,3248.5833333333335,186.48732133861162
624,126.99962376791146,37.60883709851663,22.0,3253.9375,204.3332590507856
625,126.9995988276692,37.60879340800748,22.0,3259.2916666666665,205.85950190738433
626,126.99957231669572,37.608750078382805,22.0,3264.6458333333335,205.85951497678366
627,126.99954580572225,37.608706748758124,22.0,3270.0,293.1065667296521
628,126.99948408951808,37.6087276093031,38.0,3275.909090909091,293.8146889877817
629,126.99942272213393,37.60874906595762,38.0,3281.818181818182,294.55466588783304
630,126.99936170697345,37.60877114963667,38.0,3287.7272727272725,294.5546723149548
631,126.99930069181295,37.608793233315716,38.0,3293.6363636363635,294.5546787514402
632,126.99923967665246,37.608815316994765,38.0,3299.5454545454545,294.5546851813678
633,126.99917866149198,37.608837400673806,38.0,3305.4545454545455,294.55469160571556
634,126.9991176463315,37.608859484352855,38.0,3311.3636363636365,294.55469804222
635,126.999056631171,37.608881568031904,38.0,3317.2727272727275,294.55470446904775
636,126.99899561601052,37.608903651710946,38.0,3323.181818181818,294.5547108996527
637,126.99893460085003,37.608925735389995,38.0,3329.090909090909,294.5547173299382
638,126.99887358568954,37.608947819069044,38.0,3335.0,294.5547237692613
639,126.99881257052905,37.60896990274809,38.0,3340.909090909091,294.554730178052
640,126.99875155536857,37.608991986427135,38.0,3346.818181818182,294.554736626745
641,126.99869054020809,37.609014070106184,38.0,3352.7272727272725,294.5547430452316
642,126.99862952504759,37.60903615378523,38.0,3358.6363636363635,294.55474948737333
643,126.99856850988711,37.609058237464275,38.0,3364.5454545454545,294.5547559086658
644,126.99850749472662,37.609080321143324,38.0,3370.4545454545455,294.55476234211494
645,126.99844647956613,37.60910240482237,38.0,3376.3636363636365,294.5547687814827
646,126.99838546440564,37.60912448850142,38.0,3382.2727272727275,294.554775190318
647,126.99832444924516,37.609146572180464,38.0,3388.181818181818,294.55478163314353
648,126.99826343408466,37.60916865585951,38.0,3394.090909090909,114.55434415646732
649,126.99944297543063,37.60874173552859,38.0,3400.0,294.66507905053567
650,126.99810533914084,37.60922833666162,27.0,3409.5433789954336,296.048907894757
651,126.99800800471283,37.609266025950156,27.0,3419.0867579908677,295.6120780675552
652,126.99791032224225,37.609303121753456,27.0,3428.6301369863013,293.78190230062654
653,126.99781118184652,37.609337731490136,27.0,3438.1735159817354,293.78191214127133
654,126.99771204145078,37.609372341226816,27.0,3447.716894977169,293.7819219687332
655,126.99761290105505,37.609406950963496,27.0,3457.2602739726026,293.7819318128921
656,126.99751376065932,37.609441560700176,27.0,3466.8036529680367,293.7819416594119
657,126.99741462026358,37.60947617043686,27.0,3476.3470319634703,293.7819514869199
658,126.99731547986785,37.60951078017354,27.0,3485.890410958904,293.92286864449943
659,126.99721645082127,37.609545581686056,27.0,3495.433789954338,295.6288556279666
660,126.99711876969403,37.60958270471008,27.0,3504.9771689497716,295.62886677710276
661,126.99702108856677,37.60961982773409,27.0,3514.5205479452056,295.62887794356413
662,126.99692340743952,37.609656950758115,27.0,3524.0639269406392,295.62888908883116
663,126.99682572631227,37.60969407378214,27.0,3533.607305936073,295.62890024575745
664,126.99672804518502,37.60973119680616,27.0,3543.150684931507,295.62891138723256
665,126.99663036405776,37.609768319830174,27.0,3552.6940639269405,296.398772492672
666,126.99653332563348,37.60980647753034,27.0,3562.2374429223746,296.7842825905378
667,126.99643660904722,37.609845153351834,27.0,3571.780821917808,296.7842945686342
668,126.99633989246095,37.60988382917333,27.0,3581.324200913242,296.5678427146671
669,126.99624303410607,37.609922198624865,27.0,3590.867579908676,283.47831964999745
670,126.99613767737495,37.60994220260658,27.0,3600.4109589041095,283.47832314708097
671,126.99603232064383,37.60996220658829,27.0,3609.954337899543,291.80957339242417
672,126.99593314642014,37.6099936451949,27.0,3619.497716894977,302.8955519583346
673,126.99584217661403,37.610040257974575,27.0,3629.041095890411,302.89556834701494
674,126.99575120680794,37.61008687075425,27.0,3638.584474885845,302.8955847155854
675,126.99566023700183,37.61013348353392,27.0,3648.1278538812785,302.89560109506147
676,126.99556926719572,37.6101800963136,27.0,3657.6712328767126,302.8956174710036
677,126.99547829738961,37.610226709093276,27.0,3667.214611872146,302.89563384162904
678,126.99538732758352,37.610273321872945,27.0,3676.75799086758,302.8956502212004
679,126.9952963577774,37.61031993465262,27.0,3686.301369863014,302.89566659367216
680,126.9952053879713,37.61036654743229,27.0,3695.8447488584475,302.8956829823981
681,126.9951144181652,37.61041316021197,27.0,3705.388127853881,302.8956993420999
682,126.99502344835909,37.610459772991646,27.0,3714.931506849315,302.86836382742615
683,126.99493245094679,37.610506351121714,27.0,3724.4748858447488,301.60049590967276
684,126.99484017396269,37.61055132321141,27.0,3734.0182648401824,301.60051137586737
685,126.99474789697858,37.610596295301114,27.0,3743.5616438356165,301.600526833049
686,126.99465561999448,37.61064126739081,27.0,3753.10502283105,301.6005423011107
687,126.99456334301037,37.610686239480515,27.0,3762.648401826484,301.60055776377635
688,126.99447106602626,37.61073121157022,27.0,3772.1917808219177,301.6005732228544
689,126.99437878904216,37.610776183659915,27.0,3781.735159817352,300.6915111078864
690,126.99428562731019,37.61081998827067,27.0,3791.2785388127854,300.33787607265293
691,126.99419212137984,37.61086333869062,27.0,3800.821917808219,300.33789063843227
692,126.9940986154495,37.61090668911057,27.0,3810.365296803653,300.33790520110693
693,126.99400510951916,37.61095003953053,27.0,3819.9086757990867,300.3379197601435
694,126.99391160358883,37.61099338995048,27.0,3829.4520547945203,300.3379343173745
695,126.99381809765849,37.61103674037043,27.0,3838.9954337899544,300.3379488715008
696,126.99372459172814,37.61108009079039,27.0,3848.538812785388,300.3379634374149
697,126.9936310857978,37.61112344121034,27.0,3858.0821917808216,300.3379779965592
698,126.99353757986746,37.611166791630296,27.0,3867.6255707762557,292.8081545629012
699,126.9934377600729,37.611200044599485,27.0,3877.1689497716893,292.36093350719466
700,126.99333756419098,37.61123269611078,27.0,3886.7123287671234,292.36094235645476
701,126.99323736830907,37.61126534762208,27.0,3896.255707762557,292.36095121596645
702,126.99313717242715,37.611297999133384,27.0,3905.799086757991,292.36096006055396
703,126.99303697654524,37.61133065064468,27.0,3915.3424657534247,292.36096890592637
704,126.99293678066333,37.61136330215598,27.0,3924.8858447488583,292.3609777654776
705,126.99283658478141,37.611395953667284,27.0,3934.4292237442924,292.3609866089128
706,126.9927363888995,37.61142860517858,27.0,3943.972602739726,292.3609954645632
707,126.99263619301759,37.61146125668988,27.0,3953.5159817351596,292.36100431314395
708,126.99253599713568,37.611493908201176,27.0,3963.0593607305937,282.0550811116122
709,126.99243069050411,37.61151172355322,27.0,3972.6027397260273,282.1921089507549
710,126.99232527778003,37.61152976577289,27.0,3982.146118721461,289.68635056050533
711,126.99222326733027,37.61155867791759,27.0,3991.689497716895,289.68635762160795
712,126.99212125688052,37.6115875900623,27.0,4001.2328767123286,289.6863646907168
713,126.99201924643077,37.611616502207,27.0,4010.7762557077626,288.7536933356976
714,126.99191676080306,37.61164406679401,27.0,4020.3196347031962,281.5267585531706
715,126.99181060280779,37.611661216909546,27.0,4029.8630136986303,278.1218991345154
716,126.991703463566,37.61167332903219,27.0,4039.406392694064,276.01434914057086
717,126.99159571672843,37.61168232158883,27.0,4048.9497716894975,276.0143498589654
718,126.99148796989085,37.61169131414547,27.0,4058.4931506849316,276.0143505822916
719,126.99138022305328,37.611700306702105,27.0,4068.036529680365,276.0143513070216
720,126.99127247621571,37.61170929925874,27.0,4077.579908675799,276.01435202823694
721,126.99116472937814,37.611718291815386,27.0,4087.123287671233,276.01435275226584
722,126.99105698254057,37.61172728437202,27.0,4096.666666666667,276.01435346855044
723,126.990949235703,37.61173627692866,27.0,4106.2100456621,276.0143541961014
724,126.99084148886543,37.6117452694853,27.0,4115.753424657534,276.01435491238664
725,126.99073374202786,37.611754262041934,27.0,4125.296803652968,274.8680748278416
726,126.9906258028574,37.61176154441408,27.0,4134.840182648401,274.16503893018256
727,126.99051774572044,37.61176777785237,27.0,4144.3835616438355,274.16503928229577
728,126.99040968858348,37.61177401129067,27.0,4153.92694063927,274.1650396301738
729,126.99030163144653,37.61178024472897,27.0,4163.470319634704,271.44997863217225
730,126.9901933453896,37.61178241597746,27.0,4173.013698630137,270.94602794217315
731,126.99008501682677,37.61178383295767,27.0,4182.557077625571,270.946027966564
732,126.98997668826395,37.61178524993789,27.0,4192.100456621005,270.94602797587174
733,126.98986835970112,37.6117866669181,27.0,4201.643835616438,270.94602799411575
734,126.98976003113829,37.61178808389831,27.0,4211.187214611872,270.94602801403846
735,126.98965170257546,37.61178950087852,27.0,4220.730593607306,270.94602803015954
736,126.98954337401263,37.611790917858734,27.0,4230.273972602739,270.94602805220524
737,126.9894350454498,37.61179233483895,27.0,4239.817351598173,270.9460280704493
738,126.98932671688696,37.611793751819164,27.0,4249.3607305936075,270.94602808612603
739,126.98921838832413,37.611795168799375,27.0,4258.904109589041,270.9460280980011
740,126.9891100597613,37.61179658577959,27.0,4268.447488584475,270.946028128761
741,126.98900173119848,37.611798002759805,27.0,4277.990867579909,270.9460281404139
742,126.98889340263565,37.61179941974002,27.0,4287.534246575342,270.9460281582136
743,126.98878507407282,37.61180083672023,27.0,4297.077625570776,270.9460281700887
744,126.98867674550999,37.61180225370044,27.0,4306.62100456621,270.94602819638044
745,126.98856841694716,37.61180367068066,27.0,4316.164383561643,270.9460282103785
746,126.98846008838433,37.61180508766087,27.0,4325.707762557077,270.9460282281782
747,126.9883517598215,37.61180650464108,27.0,4335.251141552511,270.9460282506683
748,126.98824343125867,37.61180792162129,27.0,4344.7945205479455,270.94602826656717
749,126.98813510269585,37.6118093386015,27.0,4354.337899543379,270.9460282822439
750,126.98802677413302,37.61181075558172,27.0,4363.881278538813,270.946028306857
751,126.98791844557019,37.61181217256193,27.0,4373.424657534247,270.9460283185099
752,126.98781011700736,37.611813589542145,27.0,4382.96803652968,270.94602833843265
753,126.98770178844453,37.611815006522356,27.0,4392.511415525114,270.9460283587997
754,126.9875934598817,37.611816423502574,27.0,4402.054794520548,270.94602837447644
755,126.98748513131886,37.611817840482786,27.0,4411.598173515982,270.94602839272056
756,126.98737680275603,37.611819257463,27.0,4421.141552511415,270.9460284062743
757,126.9872684741932,37.61182067444321,27.0,4430.684931506849,270.9460284330104
758,126.98716014563038,37.61182209142343,27.0,4440.228310502283,270.94602845103225
759,126.98705181706755,37.61182350840364,27.0,4449.771689497717,270.9460284603401
760,126.98694348850472,37.61182492538385,27.0,4459.315068493151,270.9460284849531
761,126.98683515994189,37.61182634236406,27.0,4468.858447488585,270.9460285006299
762,126.98672683137906,37.61182775934427,27.0,4478.401826484018,270.94602852099695
763,126.98661850281623,37.61182917632449,27.0,4487.945205479452,270.9460285305269
764,126.9865101742534,37.6118305933047,27.0,4497.488584474886,270.94602855469566
765,126.98640184569057,37.611832010284914,27.0,4507.031963470319,270.9460285729398
766,126.98629351712775,37.611833427265125,27.0,4516.575342465753,270.94602859096165
767,126.98618518856492,37.611834844245344,27.0,4526.118721461187,270.94602860663844
768,126.98607686000209,37.611836261225555,27.0,4535.6621004566205,270.94602862912853
769,126.98596853143926,37.61183767820577,27.0,4545.2054794520545,270.94602864268234
770,126.98586020287642,37.61183909518598,27.0,4554.748858447489,270.9460286630494
771,126.98575187431359,37.61184051216619,27.0,4564.292237442922,270.46770959506125
772,126.98564353713142,37.61184121269334,27.0,4573.835616438356,270.14224430378124
773,126.9855351940843,37.611841425717124,27.0,4583.37899543379,270.14224429994215
774,126.98542685103719,37.6118416387409,27.0,4592.922374429224,270.14224429822633
775,126.98531850799007,37.61184185176467,27.0,4602.465753424657,270.1422443113734
776,126.98521016494296,37.611842064788455,27.0,4612.009132420091,270.14224430541105
777,126.98510182189584,37.61184227781223,27.0,4621.552511415525,270.14224430157196
778,126.98499347884872,37.611842490836004,27.0,4631.095890410959,270.1422443125958
779,126.9848851358016,37.611842703859786,27.0,4640.6392694063925,270.1422443045101
780,126.98477679275449,37.61184291688356,27.0,4650.182648401827,270.14224430279427
781,126.98466844970737,37.611843129907335,27.0,4659.726027397261,270.1422443074483
782,126.98456010666025,37.61184334293111,27.0,4669.269406392694,270.142244309979
783,126.98445176361314,37.61184355595489,27.0,4678.812785388128,270.14224430189336
784,126.98434342056602,37.611843768978666,27.0,4688.356164383562,270.1422443044241
785,126.9842350775189,37.61184398200244,27.0,4697.899543378995,270.1422443090781
786,126.98412673447179,37.61184419502622,27.0,4707.442922374429,270.14224430736226
787,126.98401839142467,37.61184440805,27.0,4716.986301369863,270.142244309893
788,126.98391004837755,37.61184462107377,27.0,4726.529680365296,270.14224431030044
789,126.98380170533044,37.61184483409755,27.0,4736.07305936073,270.1422443085846
790,126.98369336228332,37.61184504712133,27.0,4745.6164383561645,270.14224431111535
791,126.9835850192362,37.6118452601451,27.0,4755.159817351598,270.14224430302966
792,126.98347667618908,37.61184547316888,27.0,4764.703196347032,270.1422443161434
793,126.98336833314197,37.61184568619266,27.0,4774.246575342466,270.1422443080911
794,126.98325999009485,37.61184589921643,27.0,4783.789954337899,270.14224431062183
795,126.98315164704773,37.61184611224021,27.0,4793.333333333333,270.1422443173991
796,126.98304330400062,37.61184632526399,27.0,4802.876712328767,270.14224431356
797,126.9829349609535,37.611846538287764,27.0,4812.4200913242,270.1422443097209
798,126.98282661790638,37.61184675131154,27.0,4821.963470319634,270.1422443164982
799,126.98271827485927,37.61184696433532,27.0,4831.506849315068,270.14224431053583
800,126.98260993181215,37.611847177359095,27.0,4841.0502283105025,270.14224431306656
801,126.98250158876503,37.61184739038287,27.0,4850.5936073059365,270.1422443092274
802,126.98239324571792,37.611847603406645,27.0,4860.13698630137,270.14224432237455
803,126.9822849026708,37.611847816430426,27.0,4869.680365296804,270.1422443100423
804,126.98217655962368,37.6118480294542,27.0,4879.223744292238,270.14224431681964
805,126.98206821657656,37.611848242477976,27.0,4888.767123287671,270.1422443193503
806,126.98195987352945,37.61184845550176,27.0,4898.310502283105,270.1422443155112
807,126.98185153048233,37.61184866852553,27.0,4907.853881278539,270.1422443137954
808,126.98174318743521,37.61184888154931,27.0,4917.397260273972,270.1422443205727
809,126.9816348443881,37.61184909457309,27.0,4926.940639269406,270.1422443167336
810,126.98152650134098,37.61184930759686,27.0,4936.48401826484,270.1422443107712
811,126.98141815829386,37.61184952062064,27.0,4946.027397260274,270.1422443196384
812,126.98130981524673,37.61184973364441,27.0,4955.570776255708,270.14224431795594
813,126.98120147219961,37.611849946668194,27.0,4965.114155251142,270.14224432048667
814,126.9810931291525,37.61185015969197,27.0,4974.657534246575,270.14224431877085
815,126.98098478610538,37.61185037271574,27.0,4984.200913242009,270.14224432342485
816,126.98087644305826,37.611850585739525,27.0,4993.744292237443,270.14224431958576
817,126.98076810001115,37.6118507987633,27.0,5003.287671232876,270.1422443221164
818,126.98065975696403,37.611851011787074,27.0,5012.83105022831,269.8007991849104
819,126.98055141663357,37.6118507133538,27.0,5022.374429223744,269.3751880145468
820,126.9804430796894,37.61184977739165,27.0,5031.9178082191775,265.50265999364865
821,126.98033526091307,37.611843059411704,27.0,5041.4611872146115,262.50368433358614
822,126.98022784354033,37.61183186233736,27.0,5051.004566210046,262.50368544730804
823,126.9801204261676,37.61182066526302,27.0,5060.54794520548,253.99289994756447
824,126.98001636837773,37.61179701750069,27.0,5070.091324200913,253.36591323347335
825,126.9799125589966,37.611772449130186,27.0,5079.634703196347,250.64381981491624
826,126.97981040258067,37.611744020551065,27.0,5089.178082191781,249.16076269827235
827,126.97970914697714,37.61171348828348,27.0,5098.721461187215,249.16077051310646
828,126.97960789137363,37.6116829560159,27.0,5108.264840182648,245.0242770707497
829,126.97951026434238,37.611646933131134,27.0,5117.808219178082,235.57437042988812
830,126.97942089648659,37.61159841277702,27.0,5127.351598173516,235.5743878692801
831,126.9793315286308,37.611549892422914,27.0,5136.8949771689495,235.57440529517459
832,126.97924216077502,37.6115013720688,27.0,5146.438356164384,238.67662312371465
833,126.97914972907458,37.61145681179482,27.0,5155.981735159818,241.4156246221292
834,126.9790545919677,37.61141574831246,27.0,5165.525114155251,241.41563791630682
835,126.9789594548608,37.6113746848301,27.0,5175.068493150685,241.4156511967401
836,126.97886431775392,37.61133362134775,27.0,5184.611872146119,241.4156645047663
837,126.97876918064702,37.61129255786539,27.0,5194.155251141552,241.41567777769424
838,126.97867404354014,37.61125149438303,27.0,5203.698630136986,241.41569108296406
839,126.97857890643326,37.611210430900684,27.0,5213.24200913242,241.41570437329432
840,126.97848376932636,37.61116936741833,27.0,5222.785388127853,241.65565618007508
841,126.97838841861906,37.611128621030744,27.0,5232.328767123287,242.3901504069417
842,126.97829241407291,37.61108884528214,27.0,5241.8721461187215,242.39016299711227
843,126.97819640952676,37.611049069533536,27.0,5251.415525114155,242.39017557161725
844,126.97810040498061,37.61100929378493,27.0,5260.958904109589,242.39018816421722
845,126.97800440043446,37.61096951803633,27.0,5270.502283105023,242.39020075055907
846,126.9779083958883,37.61092974228772,27.0,5280.045662100456,242.39021332935306
847,126.97781239134214,37.61088996653912,27.0,5289.58904109589,242.39022592317707
848,126.97771638679599,37.610850190790515,27.0,5299.132420091324,242.39023850192717
849,126.97762038224984,37.61081041504191,27.0,5308.675799086758,241.65972132285154
850,126.97752502667292,37.6107696732955,27.0,5318.219178082191,241.59370555282763
851,126.97742972975446,37.61072884423536,27.0,5327.762557077625,241.59371871483086
852,126.97733443283599,37.610688015175214,27.0,5337.3059360730595,241.59373188694735
853,126.97723913591751,37.610647186115074,27.0,5346.8493150684935,241.59374503689963
854,126.97714383899904,37.61060635705493,27.0,5356.392694063927,241.59375820256807
855,126.97704854208057,37.61056552799479,27.0,5365.936073059361,241.59377135887496
856,126.97695324516211,37.61052469893464,27.0,5375.479452054795,241.89622710159392
857,126.97685767821586,37.610484269233595,27.0,5385.022831050228,242.02013546554747
858,126.9767620006527,37.610444003130084,27.0,5394.566210045662,242.02014832444132
859,126.97666632308953,37.61040373702657,27.0,5404.109589041096,242.0201611732493
860,126.97657064552637,37.610363470923055,27.0,5413.652968036529,242.8834908404114
861,126.97647421547602,37.610324352404355,27.0,5423.196347031963,243.0662723353499
862,126.97637762611427,37.61028547684438,27.0,5432.739726027397,243.0662844160371
863,126.97628103675251,37.6102466012844,27.0,5442.283105022831,243.06629651835868
864,126.97618444739076,37.61020772572443,27.0,5451.826484018265,243.0663086065764
865,126.97608785802902,37.610168850164456,27.0,5461.369863013699,243.06632069897552
866,126.97599126866727,37.610129974604476,27.0,5470.913242009132,243.06633279934204
867,126.97589467930551,37.6100910990445,27.0,5480.456621004566,63.06607563810485
868,126.9765302533698,37.610346906694616,27.0,5490.0,247.58053743793
869,126.97578018750119,37.61010176124291,20.0,5495.762376237623,320.5373543890752
870,126.97573860988958,37.610141770152175,20.0,5501.524752475248,320.5373694937974
871,126.97569703227795,37.61018177906144,20.0,5507.287128712871,320.5373846374205
872,126.97565545466634,37.61022178797071,20.0,5513.049504950495,320.5373997549186
873,126.97561387705471,37.610261796879975,20.0,5518.811881188119,320.53741486640666
874,126.97557229944309,37.61030180578924,20.0,5524.574257425743,320.53743002506087
875,126.97553072183148,37.61034181469851,20.0,5530.336633663366,320.53744511491425
876,126.97548914421985,37.610381823607774,20.0,5536.0990099009905,320.5374602519338
877,126.97544756660824,37.61042183251704,20.0,5541.861386138614,320.53747537847323
878,126.97540598899661,37.61046184142631,20.0,5547.623762376237,320.53749048782777
879,126.97536441138499,37.610501850335574,20.0,5553.3861386138615,320.5375056293781
880,126.97532283377338,37.61054185924484,20.0,5559.148514851485,320.5375207537434
881,126.97528125616175,37.61058186815411,20.0,5564.910891089109,320.53753587812906
882,126.97523967855014,37.61062187706337,20.0,5570.6732673267325,320.53755100476997
883,126.97519810093851,37.61066188597264,20.0,5576.435643564357,320.5375661097559
884,126.97515652332689,37.610701894881906,20.0,5582.19801980198,320.53758124917266
885,126.97511494571528,37.61074190379117,20.0,5587.960396039604,320.53759637810936
886,126.97507336810365,37.61078191270044,20.0,5593.722772277228,320.53761149365647
887,126.97503179049204,37.610821921609705,20.0,5599.485148514851,320.53762660989844
888,126.97499021288041,37.61086193051898,20.0,5605.247524752475,320.870297546417
889,126.9749489645497,37.61090209555822,20.0,5611.009900990099,337.6581363294418
890,126.9749240971074,37.6109500276673,20.0,5616.772277227723,340.25127132781273
891,126.97490212450231,37.61099851103407,20.0,5622.534653465346,355.30851361557217
892,126.97489677393789,37.61105015970065,20.0,5628.297029702971,355.30851683609444
893,126.97489142337345,37.61110180836724,20.0,5634.059405940594,359.43971608558684
894,126.97489078435817,37.611153572712794,20.0,5639.821782178218,1.1410249158367947
895,126.97489208705055,37.61120538473157,20.0,5645.584158415842,1.1410241435391413
896,126.97489338974295,37.611257196750344,20.0,5651.346534653465,1.1410233263989085
897,126.97489469243533,37.611309008769126,20.0,5657.108910891089,1.1410225540293482
898,126.97489599512772,37.6113608207879,20.0,5662.8712871287125,1.141021737167307
899,126.9748972978201,37.611412632806676,20.0,5668.633663366337,1.1410209645857776
900,126.9748986005125,37.61146444482545,20.0,5674.39603960396,1.14102014744185
901,126.97489990320489,37.61151625684423,20.0,5680.158415841584,1.1410193752085434
902,126.97490120589728,37.61156806886301,20.0,5685.920792079208,1.1410185805535207
903,126.97490250858968,37.61161988088178,20.0,5691.683168316832,1.1410177634768388
904,126.97490381128206,37.61167169290056,20.0,5697.445544554455,1.1410169910305967
905,126.97490511397446,37.61172350491933,20.0,5703.207920792079,1.1410161738820648
906,126.97490641666684,37.611775316938115,20.0,5708.970297029703,1.141015401503978
907,126.97490771935924,37.61182712895689,20.0,5714.732673267326,1.1410145846336945
908,126.97490902205162,37.611878940975664,20.0,5720.495049504951,1.141013812253675
909,126.97491032474402,37.61193075299444,20.0,5726.257425742574,1.1410130172420168
910,126.9749116274364,37.61198256501322,20.0,5732.019801980198,3.3990718337543058
911,126.97491550554152,37.61203428824685,20.0,5737.782178217822,3.842793780149691
912,126.97491988985934,37.612085994029236,20.0,5743.544554455446,3.8427911385985567
913,126.97492427417716,37.61213769981162,20.0,5749.306930693069,3.8427884525745526
914,126.97492865849497,37.612189405594,20.0,5755.069306930693,3.842785788310948
915,126.9749330428128,37.612241111376385,20.0,5760.831683168317,3.8427831462789754
916,126.97493742713061,37.612292817158774,20.0,5766.59405940594,3.8427804611882834
917,126.97494181144843,37.61234452294116,20.0,5772.3564356435645,3.8427777973865886
918,126.97494619576625,37.61239622872354,20.0,5778.118811881188,3.8427751333460947
919,126.97495058008407,37.61244793450592,20.0,5783.881188118812,6.759882846556195
920,126.97495827988331,37.612499392422095,20.0,5789.6435643564355,6.939976223247584
921,126.97496618446367,37.612550835028784,20.0,5795.40594059406,11.963070789693859
922,126.97497962869218,37.612601098233725,20.0,5801.168316831683,23.14717569649258
923,126.9750053446957,37.61264874875417,20.0,5806.930693069307,23.14716242120278
924,126.97503106069922,37.61269639927462,20.0,5812.693069306931,23.14714915695447
925,126.97505677670273,37.61274404979506,20.0,5818.455445544554,23.147135887160005
926,126.97508249270625,37.612791700315505,20.0,5824.217821782178,23.147122617348543
927,126.97510820870977,37.61283935083595,20.0,5829.980198019802,23.147109344755563
928,126.97513392471328,37.6128870013564,20.0,5835.742574257426,23.147096074910223
929,126.9751596407168,37.61293465187684,20.0,5841.504950495049,23.14708280781258
930,126.97518535672032,37.612982302397285,20.0,5847.267326732674,23.147069531021828
931,126.97521107272382,37.613029952917735,20.0,5853.029702970297,18.9198983738587
932,126.97523220887537,37.613078799882594,20.0,5858.79207920792,3.3457461182555335
933,126.97523600374797,37.61313022083793,20.0,5864.554455445545,338.76649636520966
934,126.97521278774656,37.61317755236655,20.0,5870.316831683168,323.9519509757452
935,126.97517429052101,37.61321945192372,20.0,5876.079207920792,323.95196634564263
936,126.97513579329546,37.613261351480894,20.0,5881.841584158416,315.40106668390405
937,126.97509101647219,37.613297321426494,20.0,5887.60396039604,278.4592516829015
938,126.97502656280493,37.61330491478645,20.0,5893.366336633663,276.9982539637214
939,126.97496163021735,37.613311228750135,20.0,5899.1287128712875,271.8456466673466
940,126.97489685845464,37.61331288209518,20.0,5904.891089108911,259.8702343980364
941,126.97483245825752,37.61330376766818,20.0,5910.653465346535,257.67187688575217
942,126.97476874116997,37.61329273672223,20.0,5916.415841584158,248.59664838764752
943,126.97470783299465,37.613273825146464,20.0,5922.178217821782,248.59665334325456
944,126.97464692481935,37.61325491357071,20.0,5927.940594059406,248.59665828565625
945,126.97458601664405,37.61323600199494,20.0,5933.702970297029,248.59666324780264
946,126.97452510846875,37.613217090419184,20.0,5939.465346534654,248.59666819019571
947,126.97446420029345,37.613198178843426,20.0,5945.227722772277,248.596673144096
948,126.97440329211814,37.61317926726766,20.0,5950.990099009901,248.59667809799197
949,126.97434238394284,37.6131603556919,20.0,5956.752475247525,248.59668303720332
950,126.97428147576754,37.61314144411614,20.0,5962.514851485148,253.58743886685653
951,126.97421875949432,37.61312681044278,20.0,5968.277227722772,254.379932425011
952,126.97415575575597,37.61311285690281,20.0,5974.039603960396,256.9774660422956
953,126.97409233148551,37.6131012368971,20.0,5979.80198019802,276.16062658804026
954,126.97402778014526,37.61310675629594,20.0,5985.564356435643,293.1257252919785
955,126.97396787470976,37.613127022349126,20.0,5991.3267326732675,306.2867992256765
956,126.97391514803869,37.61315768873445,20.0,5997.089108910891,306.3590204535573
957,126.97386246424293,37.613188411208405,20.0,6002.851485148515,300.4447305534612
958,126.9738065308422,37.61321445281773,20.0,6008.6138613861385,280.3061221317217
959,126.97374360548555,37.61322351690134,20.0,6014.376237623763,261.20708845301795
960,126.97367895445414,37.61321559514252,20.0,6020.138613861386,252.00966645607198
961,126.97361683305064,37.61319961519744,20.0,6025.9009900990095,231.49814341027485
962,126.97356638664041,37.61316782658344,20.0,6031.663366336634,226.54336573994541
963,126.97351889873212,37.61313218293793,20.0,6037.425742574257,226.54337945883216
964,126.97347141082382,37.61309653929243,20.0,6043.188118811881,226.5433931674905
965,126.97342392291553,37.61306089564692,20.0,6048.950495049505,226.54340688123608
966,126.97337643500724,37.61302525200141,20.0,6054.712871287129,226.54342060263332
967,126.97332894709893,37.612989608355896,20.0,6060.475247524752,230.37300883044472
968,126.97327861919692,37.61295659557465,20.0,6066.237623762376,232.38664245279773
969,126.97322679719986,37.612924966867325,20.0,6072.0,315.0142776014178
970,126.97318569273914,37.61295754405793,21.0,6077.083333333333,320.0916066805239
971,126.97314866780383,37.61299261112006,21.0,6082.166666666667,320.0916199741453
972,126.97311164286852,37.613027678182206,21.0,6087.25,320.0916332586347
973,126.9730746179332,37.61306274524434,21.0,6092.333333333333,320.0916465808127
974,126.97303759299788,37.61309781230648,21.0,6097.416666666667,320.0916598576613
975,126.97300056806257,37.613132879368614,21.0,6102.5,320.09167315901783
976,126.97296354312726,37.61316794643075,21.0,6107.583333333333,338.35304645497325
977,126.97294241268624,37.6132101219322,21.0,6112.666666666667,344.15401271228467
978,126.97292666880983,37.6132540605954,21.0,6117.75,346.03735284496474
979,126.97291274380599,37.61329842536558,21.0,6122.833333333333,346.0373608754353
980,126.97289881880216,37.61334279013575,21.0,6127.916666666667,346.03736885303704
981,126.97288489379832,37.61338715490593,21.0,6133.0,354.768898911796
982,126.97287973591386,37.61343178189816,21.0,6138.083333333333,9.637973371399369
983,126.97288939800974,37.6134768521518,21.0,6143.166666666667,11.949397795452057
984,126.9729012985745,37.61352139601298,21.0,6148.25,23.430386524032826
985,126.97292424647986,37.613563342010536,21.0,6153.333333333333,23.43037475585959
986,126.97294719438524,37.613605288008095,21.0,6158.416666666667,23.43036295973951
987,126.97297014229062,37.61364723400566,21.0,6163.5,23.430351171531413
988,126.97299309019598,37.61368918000322,21.0,6168.583333333333,23.430339381724934
989,126.97301603810136,37.61373112600078,21.0,6173.666666666667,23.430327565556695
990,126.97303898600673,37.61377307199834,21.0,6178.75,30.872018441271223
991,126.97306857403855,37.613812277374414,21.0,6183.833333333333,31.612698197762427
992,126.9730988248244,37.61385120920781,21.0,6188.916666666667,31.612684811692475
993,126.97312907561027,37.6138901410412,21.0,6194.0,31.612671417248976
994,126.97315932639613,37.6139290728746,21.0,6199.083333333333,31.612658026968745
995,126.973189577182,37.61396800470799,21.0,6204.166666666667,31.61264461516015
996,126.97321982796785,37.61400693654139,21.0,6209.25,31.61263124636133
997,126.97325007875371,37.61404586837478,21.0,6214.333333333333,38.85302131432536
998,126.97328625708067,37.61408144462353,21.0,6219.416666666667,39.491067385971576
999,126.973322959154,37.61411672437914,21.0,6224.5,39.49105406452128
1000,126.97335966122733,37.61415200413475,21.0,6229.583333333333,39.49104071849041
1001,126.97339636330067,37.61418728389037,21.0,6234.666666666667,39.49102736815962
1002,126.973433065374,37.614222563645974,21.0,6239.75,39.491014036521676
1003,126.97346976744733,37.61425784340159,21.0,6244.833333333333,45.481357295819976
1004,126.97351008827539,37.6142892508244,21.0,6249.916666666667,67.4867134773956
1005,126.9735634017348,37.61430675517935,21.0,6255.0,67.48670871044374
1006,126.97361671519421,37.61432425953429,21.0,6260.083333333333,68.45740908025891
1007,126.97367022777482,37.6143409935176,21.0,6265.166666666667,89.3709361674288
1008,126.97372793593098,37.614341495414855,21.0,6270.25,107.92514037872729
1009,126.97378241280103,37.61432753640254,21.0,6275.333333333333,110.70401074454566
1010,126.9738363973496,37.61431137411386,21.0,6280.416666666667,110.70400663514255
1011,126.97389038189817,37.61429521182518,21.0,6285.5,109.31053611661048
1012,126.97394464519981,37.614280150156226,21.0,6290.583333333333,91.98472102384977
1013,126.97400232216222,37.614278566877296,21.0,6295.666666666667,91.98472098473468
1014,126.97405999912463,37.61427698359836,21.0,6300.75,91.98472094338553
1015,126.97411767608705,37.61427540031943,21.0,6305.833333333333,91.98472090514531
1016,126.97417535304946,37.61427381704049,21.0,6310.916666666667,57.28222851960834
1017,126.9742211379827,37.614297116534715,21.0,6316.0,46.5438460474428
1018,126.97426303090894,37.614328559628795,21.0,6321.083333333333,46.54383397180385
1019,126.97430492383519,37.614360002722876,21.0,6326.166666666667,36.43937929767242
